primary_label,auc_all,positive_rows_all,negative_rows_all,scored,mean_prob_all,auc_soundscape,positive_rows_soundscape,negative_rows_soundscape,mean_prob_soundscape,scored_soundscape,scientific_name,class_name,is_texture_taxon,auc_gap_sound_minus_all
1161364,0.9825778790483368,11,36067,True,0.00027933160890825093,,0,529,0.00026366100064478815,False,Guyalna cuta,Insecta,True,
116570,0.9906272921355961,11,36067,True,0.00018526794156059623,0.9078034682080924,10,519,0.0059968032874166965,True,Caiman yacare,Reptilia,False,-0.08282382392750365
1176823,0.9192175456108246,12,36066,True,0.00021301662491168827,,0,529,0.00010897254105657339,False,Leptodactylus luctator,Amphibia,True,
1491113,0.995564180759634,8,36070,True,0.0001733140234136954,0.7478406909788868,8,521,0.00822269544005394,True,Adenomera guarani,Amphibia,True,-0.2477234897807472
1595929,0.9716907382252654,5,36073,True,0.00015227661060635,,0,529,0.0005272102425806224,False,Lysapsus limellum,Amphibia,True,
209233,0.6583185497283512,2,36076,True,2.9980707040522248e-05,,0,529,9.67146479524672e-06,False,Equus caballus,Mammalia,False,
22930,0.9992145338951726,6,36072,True,0.00028420862508937716,,0,529,0.00027938492712564766,False,Leptodactylus syphax,Amphibia,True,
22956,0.9925494507018809,32,36046,True,0.0008187996572814882,,0,529,0.0001899290073197335,False,Leptodactylus mystacinus,Amphibia,True,
22961,0.9852196869580218,9,36069,True,0.00011889811139553785,0.7237008871989861,3,526,0.0015855778474360704,True,Leptodactylus podicipinus,Amphibia,True,-0.2615187997590357
22967,0.9929342097964166,24,36054,True,0.0008930900366976857,0.6742202729044835,16,513,0.04403321072459221,True,Leptodactylus elenae,Amphibia,True,-0.31871393689193306
22973,0.9927426487112139,92,35986,True,0.003067840589210391,0.696,29,500,0.0789957046508789,True,Leptodactylus fuscus,Amphibia,True,-0.2967426487112139
22983,0.9992985471886436,10,36068,True,0.0009097858564928174,,0,529,0.0007356122368946671,False,Leptodactylus labyrinthicus,Amphibia,True,
22985,0.8063872255489022,6,36072,True,0.00010193976777372882,,0,529,0.000354822666849941,False,Leptodactylus petersii,Amphibia,True,
23150,0.4431355157025252,1,36077,True,1.4552666470990516e-05,,0,529,4.348693983047269e-05,False,Physalaemus centralis,Amphibia,True,
23154,0.9988855931028748,5,36073,True,0.00010910182754741982,,0,529,0.00010339647269574925,False,Physalaemus albifrons,Amphibia,True,
23158,0.978663925732916,53,36025,True,0.001973300939425826,0.8123432197137377,27,502,0.06127427890896797,True,Physalaemus albonotatus,Amphibia,True,-0.16632070601917837
23176,1.0,4,36074,True,0.0001261662837350741,,0,529,7.376556459348649e-05,False,Pseudopaludicola mystacalis,Amphibia,True,
23724,0.26435124871801974,1,36077,True,3.473958349786699e-05,,0,529,5.525418964680284e-05,False,Phyllomedusa sauvagii,Amphibia,True,
24279,0.9817544834226778,75,36003,True,0.001767977955751121,0.7030952380952381,25,504,0.0311783067882061,True,Scinax nasicus,Amphibia,True,-0.2786592453274397
24285,0.9947045850295058,19,36059,True,0.00044558904482983053,,0,529,0.0010143292602151632,False,Scinax fuscovarius,Amphibia,True,
24287,0.9990549732897096,12,36066,True,0.0003692175087053329,,0,529,0.00017225914052687585,False,Scinax fuscomarginatus,Amphibia,True,
24321,0.9923413629532982,29,36049,True,0.00047706280020065606,0.734506418769367,27,502,0.025839583948254585,True,Scinax acuminatus,Amphibia,True,-0.25783494418393127
244024,0.9970290996785307,181,35897,True,0.004410525318235159,,0,529,0.0006059907027520239,False,Quesada gigas,Insecta,True,
25073,0.8196773567646978,1,36077,True,1.5197389984678011e-05,0.29261363636363635,1,528,0.00016098422929644585,True,Chiasmocleis mehelyi,Amphibia,True,-0.5270637204010614
25092,0.9836111256177091,34,36044,True,0.0009425983880646527,0.8505725190839695,5,524,0.008785458281636238,True,Elachistocleis bicolor,Amphibia,True,-0.13303860653373967
25214,0.957911757911758,3,36075,True,6.187152757775038e-05,,0,529,0.00016090809367597103,False,Dermatonotus muelleri,Amphibia,True,
326272,0.9825840594879296,33,36045,True,0.0008487530285492539,0.4411764705882353,2,527,0.002130307490006089,True,Physalaemus biligonigerus,Amphibia,True,-0.5414075888996943
41970,0.9905480343952763,21,36057,True,0.0003742742701433599,,0,529,0.0002006884606089443,False,Panthera onca,Mammalia,False,
43435,0.9695611031002163,16,36062,True,0.00024436006788164377,0.990530303030303,1,528,0.001490496564656496,True,Alouatta caraya,Mammalia,False,0.020969199930086724
47144,0.9475706401027116,51,36027,True,0.0007274321396835148,0.7872848948374761,6,523,0.0029979469254612923,True,Canis familiaris,Mammalia,False,-0.16028574526523554
47158son01,0.9843039693979379,2,36076,True,6.109043897595257e-05,0.8505692599620494,2,527,0.0010971599258482456,True,Insect son01,Insecta,True,-0.1337347094358885
47158son02,0.7593413903980486,2,36076,True,3.338361784699373e-05,0.4098671726755218,2,527,0.00021438235125970095,True,Insect son02,Insecta,True,-0.3494742177225268
47158son03,0.989944281199756,4,36074,True,2.33454629778862e-05,0.7519047619047619,4,525,0.0004938754718750715,True,Insect son03,Insecta,True,-0.23803951929499412
47158son04,0.9905996174424084,5,36073,True,3.9265909435926005e-05,0.793702290076336,5,524,0.0005030531319789588,True,Insect son04,Insecta,True,-0.19689732736607246
47158son05,0.9897854529326977,2,36076,True,2.4464528905809857e-05,0.8643263757115749,2,527,0.00020334342843852937,True,Insect son05,Insecta,True,-0.12545907722112282
47158son06,0.8120010533318549,2,36076,True,1.9943976440117694e-05,0.44259962049335866,2,527,0.00014910995378158987,True,Insect son06,Insecta,True,-0.36940143283849625
47158son07,0.9993035149969507,4,36074,True,0.00014499614189844579,0.9550000000000001,4,525,0.008474076166749,True,Insect son07,Insecta,True,-0.04430351499695062
47158son08,0.9796858396858398,3,36075,True,4.434295624378137e-05,0.7544359949302915,3,526,0.0020492321345955133,True,Insect son08,Insecta,True,-0.22524984475554832
47158son09,0.9239681791723258,1,36077,True,2.1120971723576076e-05,0.5928030303030303,1,528,0.00022957913461141288,True,Insect son09,Insecta,True,-0.3311651488692955
47158son10,0.9155104784609415,4,36074,True,2.71368699031882e-05,0.6388095238095238,4,525,0.0004089809372089803,True,Insect son10,Insecta,True,-0.27670095465141764
47158son11,0.9781750981750981,3,36075,True,4.162011100561358e-05,0.6539923954372624,3,526,0.001216352917253971,True,Insect son11,Insecta,True,-0.32418270273783567
47158son12,0.7842827442827442,3,36075,True,4.5615783164976165e-05,0.3276299112801014,3,526,0.0008399460348300636,True,Insect son12,Insecta,True,-0.45665283300264287
47158son13,0.9991360591360592,3,36075,True,3.522762926877476e-05,0.9756020278833967,3,526,0.0007997475331649184,True,Insect son13,Insecta,True,-0.023534031252662513
47158son14,0.7806635806746681,1,36077,True,3.7210891605354846e-05,0.5246212121212122,1,528,0.00013006894732825458,True,Insect son14,Insecta,True,-0.25604236855345597
47158son15,0.9328796740305458,1,36077,True,2.1043175365775824e-05,0.78125,1,528,0.0003319338720757514,True,Insect son15,Insecta,True,-0.15162967403054584
47158son16,0.9535576683205367,1,36077,True,1.714273457764648e-05,0.8115530303030304,1,528,0.00021632458083331585,True,Insect son16,Insecta,True,-0.1420046380175063
47158son17,0.9973663783544023,6,36072,True,0.0002427408762741834,0.9512428298279159,6,523,0.012398788705468178,True,Insect son17,Insecta,True,-0.04612354852648648
47158son18,0.9689414308285056,1,36077,True,2.9524435376515612e-05,0.8797348484848485,1,528,0.0009891537483781576,True,Insect son18,Insecta,True,-0.08920658234365708
47158son19,0.9997297222376227,4,36074,True,4.3872340029338375e-05,0.9838095238095238,4,525,0.0017215925035998225,True,Insect son19,Insecta,True,-0.015920198428098886
47158son20,0.8134684147794993,1,36077,True,2.1153780835447833e-05,0.5634469696969697,1,528,0.00024997282889671624,True,Insect son20,Insecta,True,-0.25002144508252955
47158son21,0.9997228074065861,2,36076,True,7.794434350216761e-05,0.9876660341555978,2,527,0.00125208985991776,True,Insect son21,Insecta,True,-0.012056773250988306
47158son22,0.9997851757401042,2,36076,True,6.46372209303081e-05,0.9852941176470589,2,527,0.0008612542296759784,True,Insect son22,Insecta,True,-0.014491058093045295
47158son23,0.999660439073068,2,36076,True,7.300949073396623e-05,0.9852941176470589,2,527,0.002118919277563691,True,Insect son23,Insecta,True,-0.014366321426009132
47158son24,0.9615325978489855,2,36076,True,1.812858499761205e-05,0.5649905123339659,2,527,0.00021807820303365588,True,Insect son24,Insecta,True,-0.39654208551501957
47158son25,0.9920414896018567,7,36071,True,8.653650002088398e-05,0.8564586754241926,7,522,0.002843246329575777,True,Insect son25,Insecta,True,-0.13558281417766405
476521,0.9918133518133517,3,36075,True,5.945671000517905e-05,,0,529,5.6735701946308836e-05,False,Physalaemus nattereri,Amphibia,True,
516975,0.8854449681175492,8,36070,True,0.00011598352284636348,0.9438970990695128,7,522,0.002027296693995595,True,Sapajus cay,Mammalia,False,0.058452130951963555
517063,0.9946148981134404,63,36015,True,0.0010781188029795885,0.688006676204101,63,466,0.06159142404794693,True,Pithecopus azureus,Amphibia,True,-0.30660822190933934
555123,0.9178747978747979,3,36075,True,6.136574666015804e-05,,0,529,0.00013001193292438984,False,Boana lundii,Amphibia,True,
555145,0.9958690288058998,9,36069,True,0.00026830536080524325,,0,529,0.00036120752338320017,False,Boana punctata,Amphibia,True,
555146,0.9799041886390971,48,36030,True,0.000797618122305721,0.7137274549098197,30,499,0.029866963624954224,True,Boana raniceps,Amphibia,True,-0.2661767337292774
64898,0.9997505197505197,3,36075,True,3.919637674698606e-05,,0,529,1.5572350093862042e-05,False,Ameerega picta,Amphibia,True,
65377,0.9491897968246918,50,36028,True,0.0011198197025805712,0.22547619047619047,4,525,0.002001645043492317,True,Dendropsophus minutus,Amphibia,True,-0.7237136063485013
65380,0.9937443967396222,54,36024,True,0.0013933281879872084,0.7618862546962041,31,498,0.051945123821496964,True,Dendropsophus nanus,Amphibia,True,-0.23185814204341815
66971,0.992338918479065,30,36048,True,0.0005489304894581437,0.8276984126984126,25,504,0.028388595208525658,True,Pseudis platensis,Amphibia,True,-0.16464050578065237
67107,0.9866775357929475,19,36059,True,0.0004669769841711968,0.9454459203036053,2,527,0.0005705628427676857,True,Rhinella diptycha,Amphibia,True,-0.04123161548934218
67252,0.9274308209602491,7,36071,True,0.00014073656348045915,0.5880681818181818,1,528,0.0004262381116859615,True,Trachycephalus typhonius,Amphibia,True,-0.3393626391420673
70711,0.9300781683113426,2,36076,True,2.8151427613920532e-05,,0,529,6.352702621370554e-05,False,Leptodactylus macrosternum,Amphibia,True,
738183,0.9990851883680314,5,36073,True,5.8693462051451206e-05,,0,529,2.0321551346569322e-05,False,Plecturocebus pallescens,Mammalia,False,
74113,0.9413690641231816,12,36066,True,0.00022167011047713459,0.40227703984819735,2,527,0.0006191068678162992,True,Bos taurus,Mammalia,False,-0.5390920242749841
74580,0.9308292908292908,3,36075,True,3.5623212170321494e-05,,0,529,2.0486195353441872e-05,False,Mico melanurus,Mammalia,False,
760266,0.9948355822049371,7,36071,True,0.0001828432286856696,,0,529,4.632979471352883e-05,False,Prionacris erosa,Insecta,True,
ashgre1,0.9421513638568011,140,35938,True,0.00414693308994174,,0,529,0.00040401017758995295,False,Hylophilus pectoralis,Aves,False,
astcra1,0.9651280484554701,142,35936,True,0.003446295391768217,,0,529,0.003008621744811535,False,Mustelirallus albicollis,Aves,False,
bafcur1,0.9331740075154005,55,36023,True,0.0011829378781840205,0.6413662239089184,2,527,0.0022957080509513617,True,Crax fasciolata,Aves,False,-0.2918077836064821
baffal1,0.987702623004044,342,35736,True,0.010330066084861755,,0,529,0.003660389455035329,False,Micrastur ruficollis,Aves,False,
banana,0.9449627166302764,616,35462,True,0.020991286262869835,,0,529,0.0018804667051881552,False,Coereba flaveola,Aves,False,
barant1,0.9360245184336041,550,35528,True,0.014411436393857002,,0,529,0.0024505117908120155,False,Thamnophilus doliatus,Aves,False,
batbel1,0.9599975945482311,304,35774,True,0.009561127051711082,,0,529,0.0021704775281250477,False,Procnias nudicollis,Aves,False,
baymac,0.9497045496443922,230,35848,True,0.007037830539047718,,0,529,0.00439677806571126,False,Ara ararauna,Aves,False,
bbwduc,0.9748021430203628,505,35573,True,0.01260111853480339,,0,529,0.002245142124593258,False,Dendrocygna autumnalis,Aves,False,
bcwfin2,0.9412603206338628,66,36012,True,0.0017998784314841032,,0,529,0.00016527337720617652,False,Microspingus melanoleucus,Aves,False,
bkcdon,0.9542709501649327,216,35862,True,0.004865539725869894,,0,529,0.0011360557982698083,False,Donacobius atricapilla,Aves,False,
bkhpar,0.9748600224653023,113,35965,True,0.0029218171257525682,,0,529,0.00032674032263457775,False,Aratinga nenday,Aves,False,
blchaw1,0.986338189684258,59,36019,True,0.0011297172168269753,,0,529,0.00017341489729005843,False,Busarellus nigricollis,Aves,False,
blheag1,0.9817004555071078,169,35909,True,0.004724892321974039,,0,529,0.001011085812933743,False,Spizaetus tyrannus,Aves,False,
blttit1,0.9624519425574454,73,36005,True,0.0011524674482643604,,0,529,0.0005815851618535817,False,Tityra cayana,Aves,False,
bncfly,0.9505211645941203,571,35507,True,0.018209407106041908,,0,529,0.005453451536595821,False,Myiarchus tyrannulus,Aves,False,
bobfly1,0.9408767659411988,576,35502,True,0.018696868792176247,,0,529,0.008676817640662193,False,Megarynchus pitangua,Aves,False,
brcmar1,0.930990063261146,148,35930,True,0.0033342603128403425,,0,529,0.000532589852809906,False,Progne tapera,Aves,False,
brnowl,0.9853242678369709,474,35604,True,0.016372231766581535,,0,529,0.004060668870806694,False,Tyto furcata,Aves,False,
bucmot4,0.9585446390165266,222,35856,True,0.008168322034180164,,0,529,0.0031767752952873707,False,Momotus momota,Aves,False,
bucpar,0.9727895548963396,134,35944,True,0.005588079337030649,,0,529,0.0009274579933844507,False,Thectocercus acuticaudatus,Aves,False,
bufpar,0.9324915322997839,246,35832,True,0.006271383259445429,0.9886148007590132,2,527,0.005349503830075264,True,Amazona aestiva,Aves,False,0.056123268459229325
bunibi1,0.9369103444792934,212,35866,True,0.005149800330400467,0.6571969696969697,1,528,0.0017682792386040092,True,Theristicus caudatus,Aves,False,-0.2797133747823237
burowl,0.9753753449439911,239,35839,True,0.007327591069042683,,0,529,0.0017165755853056908,False,Athene cunicularia,Aves,False,
camfli1,0.9388677753910148,137,35941,True,0.0026765221264213324,,0,529,0.0005314121954143047,False,Colaptes campestris,Aves,False,
chacha1,0.9273813879702827,176,35902,True,0.003281346056610346,0.752757901013715,13,516,0.03896293789148331,True,Ortalis canicollis,Aves,False,-0.1746234869565677
chbmoc1,0.946343100228459,284,35794,True,0.008581958711147308,,0,529,0.0013258174294605851,False,Mimus saturninus,Aves,False,
chobla1,0.9227003229703256,394,35684,True,0.012188976630568504,,0,529,0.001995701342821121,False,Gnorimopsar chopi,Aves,False,
chvcon1,0.9450966361117423,146,35932,True,0.004454235080629587,0.968095238095238,4,525,0.011698726564645767,True,Conirostrum speciosum,Aves,False,0.02299860198349568
cibspi1,0.9855660212803069,42,36036,True,0.0013103317469358444,,0,529,0.0002562107692938298,False,Synallaxis hypospodia,Aves,False,
coffal1,0.9690008328379879,513,35565,True,0.013011503964662552,,0,529,0.004002878908067942,False,Micrastur semitorquatus,Aves,False,
compau,0.9835477982982209,569,35509,True,0.01348180416971445,0.874078624078624,11,518,0.01186093594878912,True,Nyctidromus albicollis,Aves,False,-0.1094691742195969
compot1,0.978441416108792,393,35685,True,0.012841369025409222,0.9620493358633777,2,527,0.019354380667209625,True,Nyctibius griseus,Aves,False,-0.016392080245414276
crbthr1,0.9259828038640713,334,35744,True,0.007897953502833843,,0,529,0.0011938133975490928,False,Turdus amaurochalinus,Aves,False,
crebec1,0.9679708522849046,84,35994,True,0.0029834911692887545,,0,529,0.0009673913009464741,False,Pachyramphus validus,Aves,False,
dwatin1,0.9764731418786515,23,36055,True,0.0003844168677460402,,0,529,0.00011388749408069998,False,Taoniscus nanus,Aves,False,
epaori4,0.9067786950561931,217,35861,True,0.004086840897798538,,0,529,0.00041364316712133586,False,Icterus pyrrhopterus,Aves,False,
eulfly1,0.9670465712119755,387,35691,True,0.011576815508306026,,0,529,0.002203653333708644,False,Lathrotriccus euleri,Aves,False,
fabwre1,0.9314125739288428,120,35958,True,0.0039513870142400265,,0,529,0.0005037896917201579,False,Cantorchilus guarayanus,Aves,False,
fepowl,0.949038817483135,600,35478,True,0.016149522736668587,,0,529,0.014782263897359371,False,Glaucidium brasilianum,Aves,False,
ficman1,0.9846725582762957,68,36010,True,0.0022445691283792257,,0,529,0.0004925375105813146,False,Machaeropterus pyrocephalus,Aves,False,
flawar1,0.93681397078033,285,35793,True,0.007528853602707386,,0,529,0.003162744687870145,False,Myiothlypis flaveola,Aves,False,
fotfly,0.9357503763540893,92,35986,True,0.0024790619499981403,,0,529,0.0005153967067599297,False,Tyrannus savana,Aves,False,
fusfly1,0.9440530521856831,277,35801,True,0.01121140830218792,0.9185678073510773,3,526,0.0054640499874949455,True,Cnemotriccus fuscatus,Aves,False,-0.02548524483460579
gilhum1,0.926381052146513,139,35939,True,0.004451327491551638,,0,529,0.0011674559209495783,False,Hylocharis chrysura,Aves,False,
giwrai1,0.9377380741965209,121,35957,True,0.002091679722070694,,0,529,0.0007470074342563748,False,Aramides ypecaha,Aves,False,
glteme1,0.9278582478136816,137,35941,True,0.004825089126825333,,0,529,0.0016187860164791346,False,Chionomesa fimbriata,Aves,False,
grasal3,0.933235387858872,513,35565,True,0.01161876693367958,,0,529,0.0031368129421025515,False,Saltator coerulescens,Aves,False,
greani1,0.9431001589333532,144,35934,True,0.0043154554441571236,,0,529,0.002074549440294504,False,Crotophaga major,Aves,False,
greant1,0.9268301840744182,567,35511,True,0.014107096008956432,,0,529,0.0033727993723005056,False,Taraba major,Aves,False,
greela,0.9592258225830751,246,35832,True,0.006176419090479612,,0,529,0.0015445969766005874,False,Myiopagis viridicata,Aves,False,
grekis,0.8410418496967561,1107,34971,True,0.03171006962656975,0.9962049335863378,2,527,0.015044005587697029,True,Pitangus sulphuratus,Aves,False,0.15516308388958167
grepot1,0.9888524104472776,75,36003,True,0.002189197577536106,,0,529,0.0008245205972343683,False,Nyctibius grandis,Aves,False,
gretho2,0.9451673802086238,224,35854,True,0.005018960684537888,,0,529,0.0013508052797988057,False,Phacellodomus ruber,Aves,False,
greyel,0.9916687262394639,477,35601,True,0.014686182141304016,,0,529,0.0015628149267286062,False,Tringa melanoleuca,Aves,False,
grfdov1,0.9647736463593242,276,35802,True,0.010495473630726337,,0,529,0.004445844795554876,False,Leptotila rufaxilla,Aves,False,
grhtan1,0.9680899819627684,98,35980,True,0.002341070445254445,,0,529,0.0005464173154905438,False,Eucometis penicillata,Aves,False,
gycwor1,0.9719440402299846,449,35629,True,0.012057698331773281,,0,529,0.003525317180901766,False,Aramides cajaneus,Aves,False,
horscr1,0.9685704147204106,117,35961,True,0.002888075076043606,,0,529,0.0003551501431502402,False,Anhima cornuta,Aves,False,
houspa,0.961965268109472,565,35513,True,0.013513178564608097,,0,529,0.0013586863642558455,False,Passer domesticus,Aves,False,
hyamac1,0.9766828985292575,72,36006,True,0.002057967009022832,0.8863636363636365,1,528,0.0030765135306864977,True,Anodorhynchus hyacinthinus,Aves,False,-0.09031926216562103
larela1,0.9587880728325631,160,35918,True,0.004096945747733116,,0,529,0.0010523321107029915,False,Elaenia spectabilis,Aves,False,
lesela1,0.9495444629359976,131,35947,True,0.0030609630048274994,,0,529,0.0007508935523219407,False,Elaenia chiriquensis,Aves,False,
lesgrf1,0.9872484835034769,30,36048,True,0.0003932233667001128,,0,529,0.0002298706240253523,False,Emberizoides ypiranganus,Aves,False,
limpki,0.9737506435624034,423,35655,True,0.010186168365180492,0.946394686907021,2,527,0.0024431829806417227,True,Aramus guarauna,Aves,False,-0.027355956655382374
linwoo1,0.9490753478065723,377,35701,True,0.011690039187669754,,0,529,0.0030608996748924255,False,Dryocopus lineatus,Aves,False,
litcuc2,0.957409043108222,109,35969,True,0.003380030859261751,,0,529,0.001091164187528193,False,Coccycua minuta,Aves,False,
litnig1,0.9722090841363022,135,35943,True,0.0040189302526414394,0.72008547008547,9,520,0.01923252083361149,True,Setopagis parvula,Aves,False,-0.2521236140508323
mabpar,0.9539964383684196,115,35963,True,0.0038574221543967724,,0,529,0.0006456755800172687,False,Pyrrhura frontalis,Aves,False,
magant1,0.9874870014245014,78,36000,True,0.0024812992196530104,0.8577313054499366,3,526,0.004124966450035572,True,Cercomacra melanaria,Aves,False,-0.12975569597456482
magtan2,0.9510143477255502,77,36001,True,0.0015718352515250444,,0,529,0.0002161729207728058,False,Cissopis leverianus,Aves,False,
masgna1,0.9216440774783196,315,35763,True,0.007934446446597576,,0,529,0.001047008205205202,False,Polioptila dumicola,Aves,False,
nacnig1,0.956308596045679,21,36057,True,0.0002832990139722824,0.5341555977229602,2,527,0.0008834219770506024,True,Chordeiles nacunda,Aves,False,-0.4221529983227188
ocecra1,0.9982179334313099,15,36063,True,0.0001955936022568494,,0,529,0.00018812435155268759,False,Rufirallus schomburgkii,Aves,False,
oliwoo1,0.9523277497283056,455,35623,True,0.009561290964484215,,0,529,0.0028185059782117605,False,Sittasomus griseicapillus,Aves,False,
orbtro3,0.9671614703743747,89,35989,True,0.005061916541308165,,0,529,0.0016790662193670869,False,Icterus croconotus,Aves,False,
orwpar,0.93173057008401,247,35831,True,0.005332164000719786,0.9359949302915083,3,526,0.004400503356009722,True,Amazona amazonica,Aves,False,0.004264360207498319
osprey,0.9835717998351841,495,35583,True,0.014932679943740368,,0,529,0.001698208972811699,False,Pandion haliaetus,Aves,False,
pabspi1,0.98245883022375,326,35752,True,0.00809441227465868,,0,529,0.0010493730660527945,False,Synallaxis albescens,Aves,False,
palhor3,0.8981584085869211,86,35992,True,0.0015434803208336234,,0,529,0.000597121543250978,False,Furnarius leucopus,Aves,False,
paltan1,0.9268472507628122,303,35775,True,0.0087761664763093,,0,529,0.0009433344821445644,False,Thraupis palmarum,Aves,False,
phecuc1,0.9801121451202177,154,35924,True,0.006342167500406504,,0,529,0.003268764354288578,False,Dromococcyx phasianellus,Aves,False,
picpig2,0.9043023509829043,334,35744,True,0.009404892101883888,,0,529,0.0058682565577328205,False,Patagioenas picazuro,Aves,False,
pirfly1,0.96263189629183,428,35650,True,0.012528948485851288,,0,529,0.0016389531083405018,False,Legatus leucophaius,Aves,False,
plasla1,0.929011894146278,192,35886,True,0.0046569048427045345,,0,529,0.0008461838588118553,False,Thamnophilus pelzelni,Aves,False,
platyr1,0.9535559904200013,38,36040,True,0.0008980350103229284,,0,529,0.00015856418758630753,False,Inezia inornata,Aves,False,
plcjay1,0.9313902092272672,205,35873,True,0.004965717904269695,1.0,1,528,0.00223161606118083,True,Cyanocorax chrysops,Aves,False,0.06860979077273277
pluibi1,0.9515107280192254,95,35983,True,0.0027305216062813997,,0,529,0.0011682129697874188,False,Theristicus caerulescens,Aves,False,
purjay1,0.954347758482661,101,35977,True,0.00283662392757833,0.9413814955640051,3,526,0.009155713021755219,True,Cyanocorax cyanomelas,Aves,False,-0.01296626291865588
pvttyr1,0.9348500739314329,286,35792,True,0.008063329383730888,,0,529,0.003968577831983566,False,Hemitriccus margaritaceiventer,Aves,False,
ragmac1,0.9849251199570316,106,35972,True,0.005263507831841707,,0,529,0.0008105840533971786,False,Ara chloropterus,Aves,False,
rebscy1,0.9586668214242776,201,35877,True,0.00562060484662652,,0,529,0.0011551753850653768,False,Campylorhamphus trochilirostris,Aves,False,
recfin1,0.9514520336623482,142,35936,True,0.003927520010620356,,0,529,0.0007963032112456858,False,Coryphospingus cucullatus,Aves,False,
redjun,0.9266521256940277,238,35840,True,0.007977349683642387,0.2754515599343186,7,522,0.012400680221617222,True,Gallus gallus,Aves,False,-0.6512005657597091
relser1,0.9408730537229353,194,35884,True,0.0043630097061395645,,0,529,0.0013852129923179746,False,Cariama cristata,Aves,False,
rinkin1,0.9545556296042836,251,35827,True,0.008856390602886677,,0,529,0.0012440148275345564,False,Megaceryle torquata,Aves,False,
rivwar1,0.9840578311433001,106,35972,True,0.0031878063455224037,,0,529,0.00048079725820571184,False,Myiothlypis rivularis,Aves,False,
roahaw,0.918176194033042,563,35515,True,0.01401207409799099,,0,529,0.00328851118683815,False,Rupornis magnirostris,Aves,False,
rubthr1,0.9315955579050501,626,35452,True,0.015868503600358963,,0,529,0.002763366559520364,False,Turdus rufiventris,Aves,False,
rufcac2,0.9578115614574093,37,36041,True,0.0010751372901722789,,0,529,0.000248459167778492,False,Pseudoseisura unirufa,Aves,False,
rufcas2,0.9620543266821748,71,36007,True,0.004781974479556084,,0,529,0.0010887261014431715,False,Casiornis rufus,Aves,False,
rufgna3,0.9753878481072856,171,35907,True,0.005204262211918831,,0,529,0.001664931420236826,False,Conopophaga lineata,Aves,False,
rufhor2,0.8746337324781397,542,35536,True,0.011245529167354107,0.9710626185958254,2,527,0.0026541787665337324,True,Furnarius rufus,Aves,False,0.09642888611768574
rufnig1,0.9889620944464367,266,35812,True,0.007171600591391325,,0,529,0.0027196214068681,False,Antrostomus rufus,Aves,False,
ruftho1,0.9623972834915693,109,35969,True,0.0024448144249618053,,0,529,0.0005131043726578355,False,Phacellodomus rufifrons,Aves,False,
ruftof1,0.9364157032336579,128,35950,True,0.00346004543825984,,0,529,0.005340866278856993,False,Poecilotriccus latirostris,Aves,False,
rumfly1,0.9263854653425434,311,35767,True,0.010278094559907913,,0,529,0.0020583278965204954,False,Myiozetetes cayanensis,Aves,False,
ruther1,0.9387462690273691,94,35984,True,0.0016847351798787713,0.7130681818181818,1,528,0.001412200159393251,True,Tigrisoma lineatum,Aves,False,-0.22567808720918736
rutjac1,0.9279282231490973,342,35736,True,0.010536355897784233,0.8778409090909091,1,528,0.002982711186632514,True,Galbula ruficauda,Aves,False,-0.050087314058188226
sabspa1,0.9845812891284125,73,36005,True,0.0017955013317987323,,0,529,0.0003643723903223872,False,Arremon flavirostris,Aves,False,
saffin,0.9326469354831005,662,35416,True,0.022323695942759514,,0,529,0.003953678999096155,False,Sicalis flaveola,Aves,False,
saytan1,0.9207515624315752,358,35720,True,0.009976079687476158,,0,529,0.0011251401156187057,False,Thraupis sayaca,Aves,False,
scadov1,0.9443153396043045,291,35787,True,0.0088425287976861,,0,529,0.0017466535791754723,False,Columbina squammata,Aves,False,
schpar1,0.9319201027340054,160,35918,True,0.002833613893017173,,0,529,0.0004953406169079244,False,Pionus maximiliani,Aves,False,
scther1,0.9887239802061969,109,35969,True,0.0034533413127064705,,0,529,0.00041582260746508837,False,Phaethornis eurynome,Aves,False,
shcfly1,0.9356508726891213,279,35799,True,0.010989714413881302,,0,529,0.00336923124268651,False,Myiarchus ferox,Aves,False,
shshaw,0.9599303955745104,101,35977,True,0.0029720154125243425,,0,529,0.0005241241306066513,False,Accipiter striatus,Aves,False,
shtnig1,0.9755778124882077,169,35909,True,0.0068731363862752914,,0,529,0.012800038792192936,False,Lurocalis semitorquatus,Aves,False,
sibtan2,0.934975233678954,293,35785,True,0.007772498298436403,0.9810606060606061,1,528,0.00178131356369704,True,Ramphocelus carbo,Aves,False,0.04608537238165211
smbani,0.9331438735075921,356,35722,True,0.009855050593614578,,0,529,0.005487730726599693,False,Crotophaga ani,Aves,False,
smbtin1,0.9076974939504353,125,35953,True,0.005448643118143082,,0,529,0.0033070375211536884,False,Crypturellus parvirostris,Aves,False,
sobcac1,0.9174777316081663,198,35880,True,0.004670442547649145,,0,529,0.001366653828881681,False,Cacicus solitarius,Aves,False,
sobtyr1,0.9345205786390504,564,35514,True,0.015013724565505981,,0,529,0.0022976340260356665,False,Camptostoma obsoletum,Aves,False,
socfly1,0.9323260739148195,572,35506,True,0.018104558810591698,,0,529,0.001672960352152586,False,Myiozetetes similis,Aves,False,
sofspi1,0.9656072327208916,511,35567,True,0.012032827362418175,,0,529,0.0014881514944136143,False,Synallaxis frontalis,Aves,False,
souant1,0.9743722339568133,179,35899,True,0.005135603714734316,,0,529,0.001056957757100463,False,Corythopis delalandi,Aves,False,
soulap1,0.9246642377606586,650,35428,True,0.017219871282577515,,0,529,0.0038062375970184803,False,Vanellus chilensis,Aves,False,
souscr1,0.9707312673852574,128,35950,True,0.0027458311524242163,,0,529,0.0006629537092521787,False,Chauna torquata,Aves,False,
spbant3,0.959943854726264,226,35852,True,0.007396257948130369,,0,529,0.0009332104818895459,False,Hypoedaleus guttatus,Aves,False,
spispi1,0.9833820248785208,246,35832,True,0.005831546615809202,,0,529,0.0009757504449225962,False,Synallaxis spixi,Aves,False,
sptnig1,0.9997874797874798,3,36075,True,3.741881300811656e-05,,0,529,3.7788209738209844e-05,False,Antiurus maculicaudus,Aves,False,
squcuc1,0.9455527668824381,451,35627,True,0.013309636153280735,,0,529,0.0030765212140977383,False,Piaya cayana,Aves,False,
stbwoo2,0.9543731374861577,248,35830,True,0.007145054172724485,,0,529,0.001331941457465291,False,Dendroplex picus,Aves,False,
strcuc1,0.9526566998989665,549,35529,True,0.016540389508008957,,0,529,0.006510607898235321,False,Tapera naevia,Aves,False,
strher2,0.9580054633939347,168,35910,True,0.005282258614897728,0.09659090909090906,1,528,0.0028093811124563217,True,Butorides striata,Aves,False,-0.8614145543030256
strowl1,0.9685971495781056,184,35894,True,0.006682318169623613,,0,529,0.005700335837900639,False,Asio clamator,Aves,False,
swthum1,0.9306647290875041,115,35963,True,0.0027709868736565113,,0,529,0.0003739078529179096,False,Eupetomena macroura,Aves,False,
swtman1,0.9504407896261711,437,35641,True,0.014095460064709187,,0,529,0.004276977851986885,False,Chiroxiphia caudata,Aves,False,
tattin1,0.9354405383153503,180,35898,True,0.006194036453962326,,0,529,0.0022161458618938923,False,Crypturellus tataupa,Aves,False,
thlwre1,0.9027816606094494,308,35770,True,0.010446181520819664,0.884469696969697,1,528,0.00432388624176383,True,Campylorhynchus turdinus,Aves,False,-0.018311963639752404
toctou1,0.9374889893377929,172,35906,True,0.004990103654563427,,0,529,0.0019228055607527494,False,Ramphastos toco,Aves,False,
trokin,0.9101220962515435,654,35424,True,0.02020389214158058,,0,529,0.004014992620795965,False,Tyrannus melancholicus,Aves,False,
trsowl,0.9815253337896509,524,35554,True,0.01405352633446455,0.6379250919117648,17,512,0.02825521118938923,True,Megascops choliba,Aves,False,-0.34360024187788607
undtin1,0.9144588933514659,547,35531,True,0.016864703968167305,0.8247241379310345,29,500,0.06280532479286194,True,Crypturellus undulatus,Aves,False,-0.08973475542043141
varant1,0.9469472156326613,335,35743,True,0.009669947437942028,,0,529,0.0020882277749478817,False,Thamnophilus caerulescens,Aves,False,
watjac1,0.9542067127449123,155,35923,True,0.005325346253812313,,0,529,0.0014814974274486303,False,Jacana jacana,Aves,False,
wesfie1,0.9742143309545609,142,35936,True,0.005199823994189501,,0,529,0.0006313364137895405,False,Pyriglena maura,Aves,False,
wfwduc1,0.9765691190021212,144,35934,True,0.004678675904870033,1.0,1,528,0.0014755617594346404,True,Dendrocygna viduata,Aves,False,0.023430880997878822
whbant2,0.9921232446150652,76,36002,True,0.00236611464060843,,0,529,0.00033337323111481965,False,Biatas nigropectus,Aves,False,
whbwar2,0.9477667972120335,297,35781,True,0.008937026374042034,,0,529,0.0017502689734101295,False,Myiothlypis leucoblephara,Aves,False,
whiwoo1,0.9688502199597167,155,35923,True,0.004688736982643604,,0,529,0.0008967692847363651,False,Melanerpes candidus,Aves,False,
whlspi1,0.982728441298759,70,36008,True,0.0024833676870912313,,0,529,0.0009135274449363351,False,Synallaxis albilora,Aves,False,
whnjay1,0.9370429075943383,117,35961,True,0.004534994717687368,,0,529,0.0007301722071133554,False,Cyanocorax cyanopogon,Aves,False,
whtdov,0.9039322254025718,968,35110,True,0.030842330306768417,0.9032994032994034,11,518,0.03164607286453247,True,Leptotila verreauxi,Aves,False,-0.0006328221031683956
whwpic1,0.9470305489650107,99,35979,True,0.003640915034338832,,0,529,0.0012467186897993088,False,Picumnus albosquamatus,Aves,False,
y00678,0.9466746464851378,193,35885,True,0.005509409122169018,,0,529,0.0011222823522984982,False,Caracara plancus,Aves,False,
yebcar,0.8831480763913063,31,36047,True,0.0004061585641466081,,0,529,9.149340621661395e-05,False,Paroaria capitata,Aves,False,
yebela1,0.9145705072981454,384,35694,True,0.010717622004449368,,0,529,0.0033502208534628153,False,Elaenia flavogaster,Aves,False,
yecmac,0.9794820695014987,50,36028,True,0.002659590682014823,,0,529,0.0003548998502083123,False,Primolius auricollis,Aves,False,
yecpar,0.8967800059650477,469,35609,True,0.01596865803003311,,0,529,0.003377478336915374,False,Brotogeris chiriri,Aves,False,
yehcar1,0.9686396388216577,82,35996,True,0.002507043769583106,,0,529,0.00019971164874732494,False,Daptrius chimachima,Aves,False,
yeofly1,0.9662396625153149,555,35523,True,0.017164500430226326,,0,529,0.003010977292433381,False,Tolmomyias sulphurescens,Aves,False,
